<?xml version="1.0" encoding="UTF-8"?>
<addon id="repository.brokentechie" name=" [COLOR dodgerblue]Brokentechie[/COLOR] Repository" version="1.0.2" provider-name="Brokentechie">
    <requires>
        <import addon="xbmc.addon" version="12.0.0"/>
    </requires>
    <extension point="xbmc.addon.repository" name="Brokentechie Repository">
        <info compressed="false">https://raw.githubusercontent.com/brokentechie/BTrepo/master/addons.xml</info>
        <checksum>https://raw.githubusercontent.com/brokentechie/BTrepo/master/addons.xml.md5</checksum>
        <datadir zip="true">https://raw.githubusercontent.com/brokentechie/BTrepo/master/zips</datadir>
        <hashes>false</hashes>
    </extension>
    <extension point="xbmc.addon.metadata">
        <summary>[COLOR ghostwhite]Brokentechie Repository[/COLOR]</summary>
        <description>The Brokentechie Repository.</description>
        <platform>all</platform>
    </extension>
</addon>