<?xml version="1.0" encoding="UTF-8" standalone="yes"?>
<addon id="repository.brokentechie" name=" [COLOR dodgerblue]Brokentechie[/COLOR] Repository" version="1.0.5" provider-name="Brokentechie">
    <extension point="xbmc.addon.repository" name="Brokentechie Repository">
        <dir>
            <info compressed="false">https://raw.githubusercontent.com/brokentechie/BTrepo/master/zips/addons.xml</info>
            <checksum>https://raw.githubusercontent.com/brokentechie/BTrepo/master/zips/addons.xml.md5</checksum>
            <datadir zip="true">https://raw.githubusercontent.com/brokentechie/BTrepo/master/zips/</datadir>
        </dir>
    </extension>
    <extension point="xbmc.addon.metadata">
        <summary>[COLOR ghostwhite]Home of the BT Wizard[/COLOR]</summary>
        <description>The Brokentechie Repository</description>
        <disclaimer></disclaimer>
        <platform>all</platform>
        <assets>
            <icon>icon.png</icon>
            <fanart>fanart.jpg</fanart>
        </assets>
    </extension>
</addon>