<?xml version="1.0" encoding="UTF-8" standalone="yes"?>
<addon id="plugin.video.thedream" name="Dream Wizard" version="0.1.2" provider-name="TheDreamers">
  <requires>
    <import addon="xbmc.python" version="2.1.0"/>
  </requires>
  <extension point="xbmc.python.pluginsource" library="default.py">
        <provides>video executable</provides>
  </extension>
  <extension point="xbmc.addon.metadata">
		<summary lang="en">The Dream</summary>
		<description lang="en">Finally, The dream is here</description>
		<forum></forum>
		<source></source>
		<website></website>
		<platform>all</platform>
	</extension>
</addon>
