<?xml version="1.0" encoding="UTF-8" standalone="yes"?>
<addon id="plugin.program.openwizard" name="[COLOR dodgerblue][B]Retro[/B][/COLOR]Wizard" version="1.0.0" provider-name="RetroTechie">
    <requires>
        <import addon="xbmc.python" version="2.1.0" />
        <import addon="script.module.requests" />
        <import addon="script.module.six" />
    </requires>
    
    <extension point="xbmc.python.pluginsource" library="default.py">
        <provides>executable</provides>
    </extension>
    
    <extension point="xbmc.service" library="startup.py" start="startup" />
    
    <extension point="xbmc.addon.metadata">
        <summary lang="en">[COLOR dodgerblue][B]Retro[/B][/COLOR]Wizard</summary>
        <description lang="en">[COLOR dodgerblue][B]Retro[/B][/COLOR]Wizard offers many maintenance features, selective add-on data saving, and automated build installs.</description>
        <platform>all</platform>
        <reuselanguageinvoker>false</reuselanguageinvoker>
        <source>https://www.github.com/brokentechie/plugin.program.retrowizard/</source>
        <news>
1.0.0
 - Initial Commit Forked from DrInfernoo
        </news>
        <assets>
            <icon>icon.png</icon>
            <fanart>fanart.jpg</fanart>
        </assets>
    </extension>
</addon>
