<?xml version="1.0" encoding="UTF-8" standalone="yes"?>
<addon id="plugin.program.btwizard" name="BrokenTechie wizard" version="1.0.2" provider-name="BrokenTechie">
  <requires>
    <import addon="xbmc.python" version="2.1.0"/>
	<import addon="script.module.addon.common"/>
  </requires>
  <extension point="xbmc.python.pluginsource" library="default.py">
        <provides>executable</provides>
  </extension>
  <extension point="xbmc.addon.metadata">
    <summary lang="en">The Brokentechie Wizard</summary>
    <description lang="en">Easy Install With KODI Wizard</description>
    <platform>all</platform>
  </extension>
</addon>

