<?xml version="1.0" encoding="UTF-8" standalone="yes"?>
<addon id="plugin.program.btwizard" name="[COLOR dodgerblue] BT[COLOR] Wizard" version="3.0.7" provider-name="BrokenTechie">
  <requires>
    <import addon="xbmc.python" version="2.1.0"/>
  </requires>
  <extension point="xbmc.python.pluginsource" library="default.py">
    <provides>executable</provides>
  </extension>
  <extension point="xbmc.service" library="startup.py" start="startup" />
  <extension point="xbmc.addon.metadata">
    <summary lang="en">BrokenTechie Wizard</summary>
    <description lang="en">The Best Wizard!</description>
    <platform>all</platform>
  </extension>
</addon>