<?xml version="1.0" encoding="UTF-8" standalone="yes"?>
<addon id="plugin.program.galwizard" name="[COLOR dodgerblue][B]Galaxy[/B][/COLOR] Wizard" version="1.0.3" provider-name="RetroTechie">
    <requires>
        <import addon="xbmc.python" version="2.1.0" />
        <import addon="script.module.requests" />
        <import addon="script.module.six" />
    </requires>
    
    <extension point="xbmc.python.pluginsource" library="default.py">
        <provides>executable</provides>
    </extension>
    
    <extension point="xbmc.service" library="startup.py" start="startup" />
    
    <extension point="xbmc.addon.metadata">
        <summary lang="en">[COLOR dodgerblue][B]Galaxy[/B][/COLOR] Wizard</summary>
        <description lang="en">[COLOR dodgerblue][B]Galaxy[/B][/COLOR] Wizard automated build installs.</description> 
        <platform>all</platform>
        <reuselanguageinvoker>false</reuselanguageinvoker>
        <source>https://www.github.com/brokentechie/plugin.program.galwizard/</source>
        <news>
1.0.3
 - Update title and some artwork
1.0.0
 - Initial Commit Forked from DrInfernoo
        </news>
        <assets>
            <icon>icon.png</icon>
            <fanart>fanart.jpg</fanart>
        </assets>
    </extension>
</addon>
