<?xml version="1.0" encoding="UTF-8" standalone="yes"?>
<addon id="plugin.program.btnewwizard" name="BrokenTechie Wizard" version="3.0.4" provider-name="BrokenTechie">
  <requires>
    <import addon="xbmc.python" version="2.1.0"/>
	<import addon="script.module.addon.common" />
  </requires>
  <extension point="xbmc.python.pluginsource" library="default.py">
        <provides>executable</provides>
  </extension>
  <extension point="xbmc.service" library="startup.py" start="startup" />
  <extension point="xbmc.addon.metadata">
    <summary lang="en">BrokenTechie Wizard</summary>
    <description lang="en">BrokenTechie Wizard allows you to get access to the latest BrokenTechie Custom Builds.</description>
    <platform>all</platform>
  </extension>
</addon>
